"view_log_id","created_time","user_token_id","view_recipe_id"
"11280",\N,"yorizori2018","1002476"
"11282",\N,"yorizori2018","1000078"
"11296",\N,"yorizori2018","1000004"
"11297",\N,"yorizori2018","1002476"
"11298",\N,"yorizori2018","1002476"
"11300",\N,"yorizori2018","1002476"
"11301",\N,"yorizori2018","1002476"
"11423",\N,"yorizori2018","1000078"
"11424",\N,"yorizori2018","1000754"
"11425",\N,"yorizori2018","1000004"
"11436",\N,"yorizori2018","1000425"
"10121",\N,"yorizori2018","1000753"
"10122",\N,"yorizori2018","1000415"
"10123",\N,"yorizori2018","1000756"
"10124",\N,"yorizori2018","1000002"
"10125",\N,"yorizori2018","1002068"
"10126",\N,"yorizori2018","1002169"
"10127",\N,"yorizori2018","1002476"
"10128",\N,"yorizori2018","1002476"
"10131",\N,"yorizori2018","1002476"
"10132",\N,"yorizori2018","1002476"
"10139",\N,"yorizori2018","1000002"
"10140",\N,"yorizori2018","1000002"
"10141",\N,"yorizori2018","1000004"
"10143",\N,"yorizori2018","1002477"
"10144",\N,"yorizori2018","1000030"
"10145",\N,"yorizori2018","1002103"
"10146",\N,"yorizori2018","1002103"
"10149",\N,"yorizori2018","1000052"
"10153",\N,"yorizori2018","1000004"
"11179",\N,"test-w70-k20-d10","1002170"
"11180",\N,"test-w70-k20-d10","1002371"
"11181",\N,"test-w70-k20-d10","1002257"
"11182",\N,"test-w70-k20-d10","1001488"
"11183",\N,"test-w70-k20-d10","1002163"
"11184",\N,"test-w70-k20-d10","1001891"
"11185",\N,"test-w70-k20-d10","1002370"
"11186",\N,"test-w70-k20-d10","1002319"
"11187",\N,"test-w70-k20-d10","1002150"
"11188",\N,"test-w70-k20-d10","1000866"
"11189",\N,"test-w70-k20-d10","1002321"
"11190",\N,"test-w70-k20-d10","1002090"
"11191",\N,"test-w70-k20-d10","1002222"
"11192",\N,"test-w70-k20-d10","1002182"
"11193",\N,"test-w70-k20-d10","1001376"
"11194",\N,"test-w70-k20-d10","1001491"
"11195",\N,"test-w70-k20-d10","1001915"
"11196",\N,"test-w70-k20-d10","1002284"
"11197",\N,"test-w70-k20-d10","1002123"
"11198",\N,"test-w70-k20-d10","1002389"
"11199",\N,"test-w70-k20-d10","1002401"
"11200",\N,"test-w70-k20-d10","1002245"
"11201",\N,"test-w70-k20-d10","1002109"
"11202",\N,"test-w70-k20-d10","1002455"
"11203",\N,"test-w70-k20-d10","1001907"
"11204",\N,"test-w70-k20-d10","1001910"
"11205",\N,"test-w70-k20-d10","1001363"
"11206",\N,"test-w70-k20-d10","1000855"
"11207",\N,"test-w70-k20-d10","1001591"
"11208",\N,"test-w70-k20-d10","1002151"
"11209",\N,"test-w70-k20-d10","1002195"
"11210",\N,"test-w70-k20-d10","1002142"
"11211",\N,"test-w70-k20-d10","1001378"
"11212",\N,"test-w70-k20-d10","1002189"
"11213",\N,"test-w70-k20-d10","1001604"
"11214",\N,"test-w70-k20-d10","1002094"
"11215",\N,"test-w70-k20-d10","1002115"
"11216",\N,"test-w70-k20-d10","1001586"
"11217",\N,"test-w70-k20-d10","1002369"
"11218",\N,"test-w70-k20-d10","1002201"
"11219",\N,"test-w70-k20-d10","1001380"
"11220",\N,"test-w70-k20-d10","1001592"
"11221",\N,"test-w70-k20-d10","1001607"
"11222",\N,"test-w70-k20-d10","1001349"
"11223",\N,"test-w70-k20-d10","1002458"
"11224",\N,"test-w70-k20-d10","1002330"
"11225",\N,"test-w70-k20-d10","1002354"
"11226",\N,"test-w70-k20-d10","1002243"
"11227",\N,"test-w70-k20-d10","1001605"
"11228",\N,"test-w70-k20-d10","1002144"
"11229",\N,"test-w70-k20-d10","1002465"
"11230",\N,"test-w70-k20-d10","1002190"
"11231",\N,"test-w70-k20-d10","1001911"
"11232",\N,"test-w70-k20-d10","1002175"
"11233",\N,"test-w70-k20-d10","1002131"
"11234",\N,"test-w70-k20-d10","1002126"
"11235",\N,"test-w70-k20-d10","1002332"
"11236",\N,"test-w70-k20-d10","1001345"
"11237",\N,"test-w70-k20-d10","1000877"
"11238",\N,"test-w70-k20-d10","1001385"
"11239",\N,"test-w70-k20-d10","1001801"
"11240",\N,"test-w70-k20-d10","1001372"
"11241",\N,"test-w70-k20-d10","1002041"
"11242",\N,"test-w70-k20-d10","1002368"
"11243",\N,"test-w70-k20-d10","1001356"
"11244",\N,"test-w70-k20-d10","1002215"
"11245",\N,"test-w70-k20-d10","1000868"
"11246",\N,"test-w70-k20-d10","1001021"
"11247",\N,"test-w70-k20-d10","1002186"
"11248",\N,"test-w70-k20-d10","1002177"
"11249",\N,"test-w70-k20-d10","1000849"
"11250",\N,"test-w70-k20-d10","1001306"
"11251",\N,"test-w70-k20-d10","1001777"
"11252",\N,"test-w70-k20-d10","1000018"
"11253",\N,"test-w70-k20-d10","1001831"
"11254",\N,"test-w70-k20-d10","1002446"
"11255",\N,"test-w70-k20-d10","1002016"
"11256",\N,"test-w70-k20-d10","1002056"
"11257",\N,"test-w70-k20-d10","1001256"
"11258",\N,"test-w70-k20-d10","1002344"
"11259",\N,"test-w70-k20-d10","1002028"
"11260",\N,"test-w70-k20-d10","1001315"
"11261",\N,"test-w70-k20-d10","1001686"
"11262",\N,"test-w70-k20-d10","1001226"
"11263",\N,"test-w70-k20-d10","1001875"
"11264",\N,"test-w70-k20-d10","1000988"
"11265",\N,"test-w70-k20-d10","1001202"
"11266",\N,"test-w70-k20-d10","1001320"
"11267",\N,"test-w70-k20-d10","1000013"
"11268",\N,"test-w70-k20-d10","1000074"
"11269",\N,"test-w70-k20-d10","1002179"
"11270",\N,"test-w70-k20-d10","1002107"
"11271",\N,"test-w70-k20-d10","1002094"
"11272",\N,"test-w70-k20-d10","1002270"
"11273",\N,"test-w70-k20-d10","1002064"
"11274",\N,"test-w70-k20-d10","1002206"
"11275",\N,"test-w70-k20-d10","1002148"
"11276",\N,"test-w70-k20-d10","1002333"
"11277",\N,"test-w70-k20-d10","1002095"
"11278",\N,"test-w70-k20-d10","1002074"
"11070",\N,"test-w65-k45","1002387"
"11071",\N,"test-w65-k45","1002213"
"11072",\N,"test-w65-k45","1002396"
"11073",\N,"test-w65-k45","1000880"
"11074",\N,"test-w65-k45","1000871"
"11075",\N,"test-w65-k45","1002357"
"11076",\N,"test-w65-k45","1002257"
"11077",\N,"test-w65-k45","1002254"
"11078",\N,"test-w65-k45","1001276"
"11079",\N,"test-w65-k45","1001367"
"11080",\N,"test-w65-k45","1002185"
"11081",\N,"test-w65-k45","1002148"
"11082",\N,"test-w65-k45","1001021"
"11083",\N,"test-w65-k45","1001370"
"11084",\N,"test-w65-k45","1002152"
"11085",\N,"test-w65-k45","1001383"
"11086",\N,"test-w65-k45","1001905"
"11087",\N,"test-w65-k45","1001898"
"11088",\N,"test-w65-k45","1000874"
"11089",\N,"test-w65-k45","1001888"
"11090",\N,"test-w65-k45","1001798"
"11091",\N,"test-w65-k45","1002323"
"11092",\N,"test-w65-k45","1002123"
"11093",\N,"test-w65-k45","1001025"
"11094",\N,"test-w65-k45","1002355"
"11095",\N,"test-w65-k45","1001909"
"11096",\N,"test-w65-k45","1002106"
"11097",\N,"test-w65-k45","1002163"
"11098",\N,"test-w65-k45","1002097"
"11099",\N,"test-w65-k45","1002449"
"11100",\N,"test-w65-k45","1002198"
"11101",\N,"test-w65-k45","1001886"
"11102",\N,"test-w65-k45","1002159"
"11103",\N,"test-w65-k45","1002282"
"11104",\N,"test-w65-k45","1002219"
"11105",\N,"test-w65-k45","1000879"
"11106",\N,"test-w65-k45","1002288"
"11107",\N,"test-w65-k45","1002137"
"11108",\N,"test-w65-k45","1002162"
"11109",\N,"test-w65-k45","1002371"
"11110",\N,"test-w65-k45","1002112"
"11111",\N,"test-w65-k45","1001904"
"11112",\N,"test-w65-k45","1002091"
"11113",\N,"test-w65-k45","1001606"
"11114",\N,"test-w65-k45","1002385"
"11115",\N,"test-w65-k45","1002290"
"11116",\N,"test-w65-k45","1001374"
"11117",\N,"test-w65-k45","1001492"
"11118",\N,"test-w65-k45","1002100"
"11119",\N,"test-w65-k45","1001022"
"11120",\N,"test-w65-k45","1001906"
"11121",\N,"test-w65-k45","1000864"
"11122",\N,"test-w65-k45","1002126"
"11123",\N,"test-w65-k45","1001363"
"11124",\N,"test-w65-k45","1002218"
"11125",\N,"test-w65-k45","1002140"
"11126",\N,"test-w65-k45","1001489"
"11127",\N,"test-w65-k45","1001914"
"11128",\N,"test-w65-k45","1002166"
"11129",\N,"test-w65-k45","1001386"
"11130",\N,"test-w65-k45","1002186"
"11131",\N,"test-w65-k45","1001588"
"11132",\N,"test-w65-k45","1002127"
"11133",\N,"test-w65-k45","1002392"
"11134",\N,"test-w65-k45","1002068"
"11135",\N,"test-w65-k45","1000007"
"11136",\N,"test-w65-k45","1001856"
"11137",\N,"test-w65-k45","1000974"
"11138",\N,"test-w65-k45","1002439"
"11139",\N,"test-w65-k45","1000021"
"11140",\N,"test-w65-k45","1000074"
"11141",\N,"test-w65-k45","1001197"
"11142",\N,"test-w65-k45","1001305"
"11143",\N,"test-w65-k45","1002033"
"11144",\N,"test-w65-k45","1001690"
"11145",\N,"test-w65-k45","1000827"
"11146",\N,"test-w65-k45","1001009"
"11147",\N,"test-w65-k45","1001990"
"11148",\N,"test-w65-k45","1001823"
"11149",\N,"test-w65-k45","1001768"
"11150",\N,"test-w65-k45","1001697"
"11151",\N,"test-w65-k45","1001721"
"11152",\N,"test-w65-k45","1002085"
"11153",\N,"test-w65-k45","1001854"
"11154",\N,"test-w65-k45","1002037"
"11155",\N,"test-w65-k45","1001864"
"11156",\N,"test-w65-k45","1001138"
"11157",\N,"test-w65-k45","1002059"
"11158",\N,"test-w65-k45","1001114"
"11159",\N,"test-w65-k45","1000783"
"11160",\N,"test-w65-k45","1002035"
"11161",\N,"test-w65-k45","1000821"
"11162",\N,"test-w65-k45","1001569"
"11163",\N,"test-w65-k45","1002002"
"11164",\N,"test-w65-k45","1001326"
"11165",\N,"test-w65-k45","1002019"
"11166",\N,"test-w65-k45","1001461"
"11167",\N,"test-w65-k45","1001143"
"11168",\N,"test-w65-k45","1000050"
"11169",\N,"test-w65-k45","1001290"
"11170",\N,"test-w65-k45","1000047"
"11171",\N,"test-w65-k45","1001820"
"11172",\N,"test-w65-k45","1002004"
"11173",\N,"test-w65-k45","1002070"
"11174",\N,"test-w65-k45","1000824"
"11175",\N,"test-w65-k45","1001015"
"11176",\N,"test-w65-k45","1001851"
"11177",\N,"test-w65-k45","1002309"
"11178",\N,"test-w65-k45","1000799"
"11069",\N,"test-w65-k45","1002182"
"10969",\N,"test-k90-w10","1000813"
"10970",\N,"test-k90-w10","1001173"
"10971",\N,"test-k90-w10","1001482"
"10972",\N,"test-k90-w10","1001787"
"10973",\N,"test-k90-w10","1001725"
"10974",\N,"test-k90-w10","1001777"
"10975",\N,"test-k90-w10","1001566"
"10976",\N,"test-k90-w10","1001567"
"10977",\N,"test-k90-w10","1001181"
"10978",\N,"test-k90-w10","1002306"
"10979",\N,"test-k90-w10","1001983"
"10980",\N,"test-k90-w10","1000977"
"10981",\N,"test-k90-w10","1002309"
"10982",\N,"test-k90-w10","1001795"
"10983",\N,"test-k90-w10","1000028"
"10984",\N,"test-k90-w10","1002025"
"10985",\N,"test-k90-w10","1001318"
"10986",\N,"test-k90-w10","1001134"
"10987",\N,"test-k90-w10","1002058"
"10988",\N,"test-k90-w10","1001471"
"10989",\N,"test-k90-w10","1001230"
"10990",\N,"test-k90-w10","1000064"
"10991",\N,"test-k90-w10","1000059"
"10992",\N,"test-k90-w10","1001165"
"10993",\N,"test-k90-w10","1001991"
"10994",\N,"test-k90-w10","1002444"
"10995",\N,"test-k90-w10","1001716"
"10996",\N,"test-k90-w10","1000033"
"10997",\N,"test-k90-w10","1001256"
"10998",\N,"test-k90-w10","1001009"
"10999",\N,"test-k90-w10","1001311"
"11000",\N,"test-k90-w10","1002446"
"11001",\N,"test-k90-w10","1001303"
"11002",\N,"test-k90-w10","1001174"
"11003",\N,"test-k90-w10","1001685"
"11004",\N,"test-k90-w10","1002078"
"11005",\N,"test-k90-w10","1001209"
"11006",\N,"test-k90-w10","1001719"
"11007",\N,"test-k90-w10","1001147"
"11008",\N,"test-k90-w10","1001431"
"11009",\N,"test-k90-w10","1000997"
"11010",\N,"test-k90-w10","1000848"
"11011",\N,"test-k90-w10","1001475"
"11012",\N,"test-k90-w10","1001845"
"11013",\N,"test-k90-w10","1001573"
"11014",\N,"test-k90-w10","1001266"
"11015",\N,"test-k90-w10","1002269"
"11016",\N,"test-k90-w10","1002053"
"11017",\N,"test-k90-w10","1001453"
"11018",\N,"test-k90-w10","1001758"
"11019",\N,"test-k90-w10","1001264"
"11020",\N,"test-k90-w10","1002034"
"11021",\N,"test-k90-w10","1001118"
"11022",\N,"test-k90-w10","1001222"
"11023",\N,"test-k90-w10","1000079"
"11024",\N,"test-k90-w10","1000972"
"11025",\N,"test-k90-w10","1001576"
"11026",\N,"test-k90-w10","1001990"
"11027",\N,"test-k90-w10","1002069"
"11028",\N,"test-k90-w10","1001466"
"11029",\N,"test-k90-w10","1001747"
"11030",\N,"test-k90-w10","1001456"
"11031",\N,"test-k90-w10","1001791"
"11032",\N,"test-k90-w10","1001186"
"11033",\N,"test-k90-w10","1001242"
"11034",\N,"test-k90-w10","1001784"
"11035",\N,"test-k90-w10","1001116"
"11036",\N,"test-k90-w10","1001160"
"11037",\N,"test-k90-w10","1001703"
"11038",\N,"test-k90-w10","1001709"
"11039",\N,"test-k90-w10","1001313"
"11040",\N,"test-k90-w10","1002013"
"11041",\N,"test-k90-w10","1000830"
"11042",\N,"test-k90-w10","1002079"
"11043",\N,"test-k90-w10","1001704"
"11044",\N,"test-k90-w10","1001133"
"11045",\N,"test-k90-w10","1001179"
"11046",\N,"test-k90-w10","1002349"
"11047",\N,"test-k90-w10","1001126"
"11048",\N,"test-k90-w10","1000018"
"11049",\N,"test-k90-w10","1001864"
"11050",\N,"test-k90-w10","1001010"
"11051",\N,"test-k90-w10","1001819"
"11052",\N,"test-k90-w10","1001999"
"11053",\N,"test-k90-w10","1002035"
"11054",\N,"test-k90-w10","1001148"
"11055",\N,"test-k90-w10","1001323"
"11056",\N,"test-k90-w10","1001848"
"11057",\N,"test-k90-w10","1002266"
"11058",\N,"test-k90-w10","1000776"
"11059",\N,"test-k90-w10","1001364"
"11060",\N,"test-k90-w10","1001359"
"11061",\N,"test-k90-w10","1001489"
"11062",\N,"test-k90-w10","1001345"
"11063",\N,"test-k90-w10","1002280"
"11064",\N,"test-k90-w10","1002326"
"11065",\N,"test-k90-w10","1002220"
"11066",\N,"test-k90-w10","1002385"
"11067",\N,"test-k90-w10","1001897"
"11068",\N,"test-k90-w10","1002395"
"10869",\N,"test-k80-w20","1001227"
"10870",\N,"test-k80-w20","1001196"
"10871",\N,"test-k80-w20","1001222"
"10872",\N,"test-k80-w20","1000819"
"10873",\N,"test-k80-w20","1001563"
"10874",\N,"test-k80-w20","1001462"
"10875",\N,"test-k80-w20","1001843"
"10876",\N,"test-k80-w20","1001711"
"10877",\N,"test-k80-w20","1001779"
"10878",\N,"test-k80-w20","1001472"
"10879",\N,"test-k80-w20","1001830"
"10880",\N,"test-k80-w20","1001579"
"10881",\N,"test-k80-w20","1001185"
"10882",\N,"test-k80-w20","1000014"
"10883",\N,"test-k80-w20","1001862"
"10884",\N,"test-k80-w20","1001186"
"10885",\N,"test-k80-w20","1001158"
"10886",\N,"test-k80-w20","1000011"
"10887",\N,"test-k80-w20","1001707"
"10888",\N,"test-k80-w20","1001229"
"10889",\N,"test-k80-w20","1001110"
"10890",\N,"test-k80-w20","1001319"
"10891",\N,"test-k80-w20","1001980"
"10892",\N,"test-k80-w20","1001791"
"10893",\N,"test-k80-w20","1002039"
"10894",\N,"test-k80-w20","1000026"
"10895",\N,"test-k80-w20","1000083"
"10896",\N,"test-k80-w20","1001003"
"10897",\N,"test-k80-w20","1001109"
"10898",\N,"test-k80-w20","1002272"
"10899",\N,"test-k80-w20","1001714"
"10900",\N,"test-k80-w20","1002267"
"10901",\N,"test-k80-w20","1001708"
"10902",\N,"test-k80-w20","1001727"
"10903",\N,"test-k80-w20","1001722"
"10904",\N,"test-k80-w20","1000845"
"10905",\N,"test-k80-w20","1001269"
"10906",\N,"test-k80-w20","1001712"
"10907",\N,"test-k80-w20","1001785"
"10908",\N,"test-k80-w20","1000786"
"10909",\N,"test-k80-w20","1002051"
"10910",\N,"test-k80-w20","1002307"
"10911",\N,"test-k80-w20","1000828"
"10912",\N,"test-k80-w20","1001157"
"10913",\N,"test-k80-w20","1002011"
"10914",\N,"test-k80-w20","1001850"
"10915",\N,"test-k80-w20","1001836"
"10916",\N,"test-k80-w20","1001313"
"10917",\N,"test-k80-w20","1001844"
"10918",\N,"test-k80-w20","1001436"
"10919",\N,"test-k80-w20","1002076"
"10920",\N,"test-k80-w20","1000823"
"10921",\N,"test-k80-w20","1001723"
"10922",\N,"test-k80-w20","1001750"
"10923",\N,"test-k80-w20","1000803"
"10924",\N,"test-k80-w20","1000779"
"10925",\N,"test-k80-w20","1001300"
"10926",\N,"test-k80-w20","1001676"
"10927",\N,"test-k80-w20","1001259"
"10928",\N,"test-k80-w20","1001717"
"10929",\N,"test-k80-w20","1001754"
"10930",\N,"test-k80-w20","1001228"
"10931",\N,"test-k80-w20","1000822"
"10932",\N,"test-k80-w20","1001219"
"10933",\N,"test-k80-w20","1002439"
"10934",\N,"test-k80-w20","1001194"
"10935",\N,"test-k80-w20","1000802"
"10936",\N,"test-k80-w20","1001199"
"10937",\N,"test-k80-w20","1001302"
"10938",\N,"test-k80-w20","1002014"
"10939",\N,"test-k80-w20","1001822"
"10940",\N,"test-k80-w20","1001330"
"10941",\N,"test-k80-w20","1001835"
"10942",\N,"test-k80-w20","1001193"
"10943",\N,"test-k80-w20","1001847"
"10944",\N,"test-k80-w20","1001207"
"10945",\N,"test-k80-w20","1001273"
"10946",\N,"test-k80-w20","1001705"
"10947",\N,"test-k80-w20","1001328"
"10948",\N,"test-k80-w20","1001687"
"10949",\N,"test-k80-w20","1002450"
"10950",\N,"test-k80-w20","1001378"
"10951",\N,"test-k80-w20","1001588"
"10952",\N,"test-k80-w20","1002395"
"10953",\N,"test-k80-w20","1002182"
"10954",\N,"test-k80-w20","1002174"
"10955",\N,"test-k80-w20","1002323"
"10956",\N,"test-k80-w20","1002176"
"10957",\N,"test-k80-w20","1002207"
"10958",\N,"test-k80-w20","1002257"
"10959",\N,"test-k80-w20","1002321"
"10960",\N,"test-k80-w20","1002136"
"10961",\N,"test-k80-w20","1001797"
"10962",\N,"test-k80-w20","1002330"
"10963",\N,"test-k80-w20","1001377"
"10964",\N,"test-k80-w20","1000863"
"10965",\N,"test-k80-w20","1001799"
"10966",\N,"test-k80-w20","1001370"
"10967",\N,"test-k80-w20","1002142"
"10968",\N,"test-k80-w20","1001888"
"10769",\N,"test-k60-w20-f20","1000971"
"10770",\N,"test-k60-w20-f20","1001144"
"10771",\N,"test-k60-w20-f20","1000016"
"10772",\N,"test-k60-w20-f20","1000010"
"10773",\N,"test-k60-w20-f20","1001431"
"10774",\N,"test-k60-w20-f20","1001200"
"10775",\N,"test-k60-w20-f20","1002273"
"10776",\N,"test-k60-w20-f20","1002063"
"10777",\N,"test-k60-w20-f20","1001832"
"10778",\N,"test-k60-w20-f20","1002271"
"10779",\N,"test-k60-w20-f20","1001992"
"10780",\N,"test-k60-w20-f20","1001727"
"10781",\N,"test-k60-w20-f20","1000023"
"10782",\N,"test-k60-w20-f20","1000058"
"10783",\N,"test-k60-w20-f20","1001782"
"10784",\N,"test-k60-w20-f20","1001219"
"10785",\N,"test-k60-w20-f20","1001700"
"10786",\N,"test-k60-w20-f20","1001184"
"10787",\N,"test-k60-w20-f20","1002346"
"10788",\N,"test-k60-w20-f20","1001878"
"10789",\N,"test-k60-w20-f20","1002080"
"10790",\N,"test-k60-w20-f20","1001176"
"10791",\N,"test-k60-w20-f20","1000779"
"10792",\N,"test-k60-w20-f20","1001574"
"10793",\N,"test-k60-w20-f20","1001863"
"10794",\N,"test-k60-w20-f20","1002005"
"10795",\N,"test-k60-w20-f20","1001340"
"10796",\N,"test-k60-w20-f20","1001988"
"10797",\N,"test-k60-w20-f20","1000823"
"10798",\N,"test-k60-w20-f20","1002078"
"10799",\N,"test-k60-w20-f20","1001225"
"10800",\N,"test-k60-w20-f20","1000814"
"10801",\N,"test-k60-w20-f20","1001764"
"10802",\N,"test-k60-w20-f20","1002039"
"10803",\N,"test-k60-w20-f20","1001270"
"10804",\N,"test-k60-w20-f20","1001117"
"10805",\N,"test-k60-w20-f20","1001299"
"10806",\N,"test-k60-w20-f20","1001480"
"10807",\N,"test-k60-w20-f20","1001317"
"10808",\N,"test-k60-w20-f20","1002015"
"10809",\N,"test-k60-w20-f20","1001446"
"10810",\N,"test-k60-w20-f20","1001307"
"10811",\N,"test-k60-w20-f20","1001315"
"10812",\N,"test-k60-w20-f20","1002028"
"10813",\N,"test-k60-w20-f20","1002349"
"10814",\N,"test-k60-w20-f20","1002347"
"10815",\N,"test-k60-w20-f20","1000817"
"10816",\N,"test-k60-w20-f20","1001699"
"10817",\N,"test-k60-w20-f20","1000832"
"10818",\N,"test-k60-w20-f20","1001190"
"10819",\N,"test-k60-w20-f20","1001293"
"10820",\N,"test-k60-w20-f20","1001249"
"10821",\N,"test-k60-w20-f20","1000776"
"10822",\N,"test-k60-w20-f20","1001267"
"10823",\N,"test-k60-w20-f20","1001675"
"10824",\N,"test-k60-w20-f20","1001339"
"10825",\N,"test-k60-w20-f20","1000850"
"10826",\N,"test-k60-w20-f20","1000813"
"10827",\N,"test-k60-w20-f20","1001199"
"10828",\N,"test-k60-w20-f20","1001685"
"10829",\N,"test-k60-w20-f20","1001366"
"10830",\N,"test-k60-w20-f20","1002202"
"10831",\N,"test-k60-w20-f20","1001371"
"10832",\N,"test-k60-w20-f20","1002317"
"10833",\N,"test-k60-w20-f20","1002324"
"10834",\N,"test-k60-w20-f20","1002117"
"10835",\N,"test-k60-w20-f20","1001373"
"10836",\N,"test-k60-w20-f20","1002399"
"10837",\N,"test-k60-w20-f20","1002109"
"10838",\N,"test-k60-w20-f20","1001901"
"10839",\N,"test-k60-w20-f20","1002465"
"10840",\N,"test-k60-w20-f20","1002325"
"10841",\N,"test-k60-w20-f20","1001353"
"10842",\N,"test-k60-w20-f20","1002258"
"10843",\N,"test-k60-w20-f20","1002329"
"10844",\N,"test-k60-w20-f20","1001363"
"10845",\N,"test-k60-w20-f20","1002135"
"10846",\N,"test-k60-w20-f20","1001386"
"10847",\N,"test-k60-w20-f20","1002462"
"10848",\N,"test-k60-w20-f20","1002188"
"10849",\N,"test-k60-w20-f20","1001425"
"10850",\N,"test-k60-w20-f20","1001514"
"10851",\N,"test-k60-w20-f20","1001665"
"10852",\N,"test-k60-w20-f20","1001667"
"10853",\N,"test-k60-w20-f20","1002409"
"10854",\N,"test-k60-w20-f20","1001948"
"10855",\N,"test-k60-w20-f20","1001289"
"10856",\N,"test-k60-w20-f20","1001642"
"10857",\N,"test-k60-w20-f20","1000073"
"10858",\N,"test-k60-w20-f20","1001089"
"10859",\N,"test-k60-w20-f20","1001084"
"10860",\N,"test-k60-w20-f20","1002337"
"10861",\N,"test-k60-w20-f20","1000964"
"10862",\N,"test-k60-w20-f20","1000944"
"10863",\N,"test-k60-w20-f20","1001407"
"10864",\N,"test-k60-w20-f20","1001423"
"10865",\N,"test-k60-w20-f20","1001666"
"10866",\N,"test-k60-w20-f20","1001083"
"10867",\N,"test-k60-w20-f20","1001653"
"10868",\N,"test-k60-w20-f20","1001093"
"10669",\N,"test-j70-k30","1000910"
"10670",\N,"test-j70-k30","1000885"
"10671",\N,"test-j70-k30","1001232"
"10672",\N,"test-j70-k30","1001031"
"10673",\N,"test-j70-k30","1001390"
"10674",\N,"test-j70-k30","1001033"
"10675",\N,"test-j70-k30","1001234"
"10676",\N,"test-j70-k30","1000903"
"10677",\N,"test-j70-k30","1000893"
"10678",\N,"test-j70-k30","1000901"
"10679",\N,"test-j70-k30","1001277"
"10680",\N,"test-j70-k30","1000002"
"10681",\N,"test-j70-k30","1001168"
"10682",\N,"test-j70-k30","1000891"
"10683",\N,"test-j70-k30","1000911"
"10684",\N,"test-j70-k30","1001236"
"10685",\N,"test-j70-k30","1001497"
"10686",\N,"test-j70-k30","1001030"
"10687",\N,"test-j70-k30","1001388"
"10688",\N,"test-j70-k30","1000904"
"10689",\N,"test-j70-k30","1000075"
"10690",\N,"test-j70-k30","1000888"
"10691",\N,"test-j70-k30","1001394"
"10692",\N,"test-j70-k30","1000915"
"10693",\N,"test-j70-k30","1001027"
"10694",\N,"test-j70-k30","1001393"
"10695",\N,"test-j70-k30","1001392"
"10696",\N,"test-j70-k30","1000907"
"10697",\N,"test-j70-k30","1000897"
"10698",\N,"test-j70-k30","1000890"
"10699",\N,"test-j70-k30","1000884"
"10700",\N,"test-j70-k30","1001391"
"10701",\N,"test-j70-k30","1000908"
"10702",\N,"test-j70-k30","1001035"
"10703",\N,"test-j70-k30","1001389"
"10704",\N,"test-j70-k30","1001032"
"10705",\N,"test-j70-k30","1000889"
"10706",\N,"test-j70-k30","1001282"
"10707",\N,"test-j70-k30","1000892"
"10708",\N,"test-j70-k30","1001233"
"10709",\N,"test-j70-k30","1000886"
"10710",\N,"test-j70-k30","1001235"
"10711",\N,"test-j70-k30","1000882"
"10712",\N,"test-j70-k30","1000899"
"10713",\N,"test-j70-k30","1000917"
"10714",\N,"test-j70-k30","1000900"
"10715",\N,"test-j70-k30","1000916"
"10716",\N,"test-j70-k30","1000896"
"10717",\N,"test-j70-k30","1001280"
"10718",\N,"test-j70-k30","1000887"
"10719",\N,"test-j70-k30","1001029"
"10720",\N,"test-j70-k30","1001028"
"10721",\N,"test-j70-k30","1001496"
"10722",\N,"test-j70-k30","1001034"
"10723",\N,"test-j70-k30","1000918"
"10724",\N,"test-j70-k30","1000883"
"10725",\N,"test-j70-k30","1000895"
"10726",\N,"test-j70-k30","1000914"
"10727",\N,"test-j70-k30","1000905"
"10728",\N,"test-j70-k30","1001237"
"10729",\N,"test-j70-k30","1000906"
"10730",\N,"test-j70-k30","1001167"
"10731",\N,"test-j70-k30","1001279"
"10732",\N,"test-j70-k30","1000902"
"10733",\N,"test-j70-k30","1000898"
"10734",\N,"test-j70-k30","1000909"
"10735",\N,"test-j70-k30","1001278"
"10736",\N,"test-j70-k30","1000912"
"10737",\N,"test-j70-k30","1001281"
"10738",\N,"test-j70-k30","1000894"
"10739",\N,"test-j70-k30","1001246"
"10740",\N,"test-j70-k30","1000823"
"10741",\N,"test-j70-k30","1002039"
"10742",\N,"test-j70-k30","1001993"
"10743",\N,"test-j70-k30","1002007"
"10744",\N,"test-j70-k30","1000805"
"10745",\N,"test-j70-k30","1001140"
"10746",\N,"test-j70-k30","1000071"
"10747",\N,"test-j70-k30","1001125"
"10748",\N,"test-j70-k30","1001335"
"10749",\N,"test-j70-k30","1001467"
"10750",\N,"test-j70-k30","1001176"
"10751",\N,"test-j70-k30","1000849"
"10752",\N,"test-j70-k30","1001979"
"10753",\N,"test-j70-k30","1001816"
"10754",\N,"test-j70-k30","1002057"
"10755",\N,"test-j70-k30","1001775"
"10756",\N,"test-j70-k30","1001262"
"10757",\N,"test-j70-k30","1000070"
"10758",\N,"test-j70-k30","1001221"
"10759",\N,"test-j70-k30","1001322"
"10760",\N,"test-j70-k30","1002271"
"10761",\N,"test-j70-k30","1001750"
"10762",\N,"test-j70-k30","1000780"
"10763",\N,"test-j70-k30","1000021"
"10764",\N,"test-j70-k30","1001465"
"10765",\N,"test-j70-k30","1001819"
"10766",\N,"test-j70-k30","1001320"
"10767",\N,"test-j70-k30","1001769"
"10768",\N,"test-j70-k30","1001000"
"10601",\N,"test-j65-k15-w20","1001803"
"10602",\N,"test-j65-k15-w20","1001924"
"10603",\N,"test-j65-k15-w20","1001614"
"10604",\N,"test-j65-k15-w20","1002044"
"10605",\N,"test-j65-k15-w20","1001613"
"10606",\N,"test-j65-k15-w20","1001613"
"10607",\N,"test-j65-k15-w20","1001923"
"10608",\N,"test-j65-k15-w20","1002230"
"10609",\N,"test-j65-k15-w20","1001031"
"10610",\N,"test-j65-k15-w20","1001035"
"10611",\N,"test-j65-k15-w20","1000897"
"10612",\N,"test-j65-k15-w20","1001388"
"10613",\N,"test-j65-k15-w20","1001032"
"10614",\N,"test-j65-k15-w20","1000002"
"10615",\N,"test-j65-k15-w20","1001278"
"10616",\N,"test-j65-k15-w20","1001393"
"10617",\N,"test-j65-k15-w20","1001281"
"10618",\N,"test-j65-k15-w20","1001235"
"10619",\N,"test-j65-k15-w20","1000900"
"10620",\N,"test-j65-k15-w20","1000914"
"10621",\N,"test-j65-k15-w20","1000907"
"10622",\N,"test-j65-k15-w20","1000912"
"10623",\N,"test-j65-k15-w20","1000886"
"10624",\N,"test-j65-k15-w20","1000899"
"10625",\N,"test-j65-k15-w20","1001391"
"10626",\N,"test-j65-k15-w20","1000904"
"10627",\N,"test-j65-k15-w20","1001034"
"10628",\N,"test-j65-k15-w20","1000892"
"10629",\N,"test-j65-k15-w20","1001237"
"10630",\N,"test-j65-k15-w20","1001392"
"10631",\N,"test-j65-k15-w20","1001167"
"10632",\N,"test-j65-k15-w20","1001168"
"10633",\N,"test-j65-k15-w20","1001028"
"10634",\N,"test-j65-k15-w20","1001762"
"10635",\N,"test-j65-k15-w20","1001148"
"10636",\N,"test-j65-k15-w20","1001194"
"10637",\N,"test-j65-k15-w20","1001431"
"10638",\N,"test-j65-k15-w20","1002078"
"10639",\N,"test-j65-k15-w20","1000067"
"10640",\N,"test-j65-k15-w20","1002348"
"10641",\N,"test-j65-k15-w20","1000817"
"10642",\N,"test-j65-k15-w20","1001012"
"10643",\N,"test-j65-k15-w20","1000836"
"10644",\N,"test-j65-k15-w20","1001462"
"10645",\N,"test-j65-k15-w20","1001833"
"10646",\N,"test-j65-k15-w20","1002028"
"10647",\N,"test-j65-k15-w20","1002274"
"10648",\N,"test-j65-k15-w20","1001717"
"10649",\N,"test-j65-k15-w20","1001486"
"10650",\N,"test-j65-k15-w20","1002123"
"10651",\N,"test-j65-k15-w20","1002163"
"10652",\N,"test-j65-k15-w20","1001386"
"10653",\N,"test-j65-k15-w20","1001366"
"10654",\N,"test-j65-k15-w20","1002456"
"10655",\N,"test-j65-k15-w20","1002114"
"10656",\N,"test-j65-k15-w20","1001359"
"10657",\N,"test-j65-k15-w20","1000868"
"10658",\N,"test-j65-k15-w20","1002332"
"10659",\N,"test-j65-k15-w20","1002459"
"10660",\N,"test-j65-k15-w20","1001369"
"10661",\N,"test-j65-k15-w20","1001346"
"10662",\N,"test-j65-k15-w20","1002201"
"10663",\N,"test-j65-k15-w20","1001590"
"10664",\N,"test-j65-k15-w20","1002210"
"10665",\N,"test-j65-k15-w20","1001387"
"10666",\N,"test-j65-k15-w20","1002139"
"10667",\N,"test-j65-k15-w20","1000872"
"10668",\N,"test-j65-k15-w20","1002193"
"10569",\N,"test-j65-k15-w20","1001611"
"10570",\N,"test-j65-k15-w20","1001612"
"10571",\N,"test-j65-k15-w20","1001613"
"10572",\N,"test-j65-k15-w20","1001614"
"10573",\N,"test-j65-k15-w20","1001615"
"10574",\N,"test-j65-k15-w20","1001616"
"10575",\N,"test-j65-k15-w20","1001729"
"10576",\N,"test-j65-k15-w20","1001730"
"10577",\N,"test-j65-k15-w20","1001731"
"10578",\N,"test-j65-k15-w20","1001802"
"10579",\N,"test-j65-k15-w20","1001803"
"10580",\N,"test-j65-k15-w20","1001921"
"10581",\N,"test-j65-k15-w20","1001922"
"10582",\N,"test-j65-k15-w20","1001923"
"10583",\N,"test-j65-k15-w20","1001924"
"10584",\N,"test-j65-k15-w20","1001925"
"10585",\N,"test-j65-k15-w20","1002043"
"10586",\N,"test-j65-k15-w20","1002044"
"10587",\N,"test-j65-k15-w20","1002045"
"10588",\N,"test-j65-k15-w20","1002230"
"10589",\N,"test-j65-k15-w20","1002259"
"10590",\N,"test-j65-k15-w20","1002360"
"10591",\N,"test-j65-k15-w20","1001924"
"10592",\N,"test-j65-k15-w20","1001614"
"10593",\N,"test-j65-k15-w20","1002045"
"10594",\N,"test-j65-k15-w20","1002360"
"10595",\N,"test-j65-k15-w20","1002045"
"10596",\N,"test-j65-k15-w20","1002230"
"10597",\N,"test-j65-k15-w20","1001925"
"10598",\N,"test-j65-k15-w20","1001611"
"10599",\N,"test-j65-k15-w20","1001615"
"10600",\N,"test-j65-k15-w20","1001924"
"10469",\N,"test-j60-k20-w20","1001611"
"10470",\N,"test-j60-k20-w20","1001612"
"10471",\N,"test-j60-k20-w20","1001613"
"10472",\N,"test-j60-k20-w20","1001614"
"10473",\N,"test-j60-k20-w20","1001615"
"10474",\N,"test-j60-k20-w20","1001616"
"10475",\N,"test-j60-k20-w20","1001729"
"10476",\N,"test-j60-k20-w20","1001730"
"10477",\N,"test-j60-k20-w20","1001731"
"10478",\N,"test-j60-k20-w20","1001802"
"10479",\N,"test-j60-k20-w20","1001803"
"10480",\N,"test-j60-k20-w20","1001921"
"10481",\N,"test-j60-k20-w20","1001922"
"10482",\N,"test-j60-k20-w20","1001923"
"10483",\N,"test-j60-k20-w20","1001924"
"10484",\N,"test-j60-k20-w20","1001925"
"10485",\N,"test-j60-k20-w20","1002043"
"10486",\N,"test-j60-k20-w20","1002044"
"10487",\N,"test-j60-k20-w20","1002045"
"10488",\N,"test-j60-k20-w20","1002230"
"10489",\N,"test-j60-k20-w20","1002259"
"10490",\N,"test-j60-k20-w20","1002360"
"10491",\N,"test-j60-k20-w20","1001803"
"10492",\N,"test-j60-k20-w20","1001924"
"10493",\N,"test-j60-k20-w20","1002360"
"10494",\N,"test-j60-k20-w20","1001611"
"10495",\N,"test-j60-k20-w20","1001923"
"10496",\N,"test-j60-k20-w20","1001923"
"10497",\N,"test-j60-k20-w20","1001922"
"10498",\N,"test-j60-k20-w20","1001922"
"10499",\N,"test-j60-k20-w20","1001278"
"10500",\N,"test-j60-k20-w20","1000910"
"10501",\N,"test-j60-k20-w20","1001234"
"10502",\N,"test-j60-k20-w20","1001236"
"10503",\N,"test-j60-k20-w20","1001031"
"10504",\N,"test-j60-k20-w20","1000900"
"10505",\N,"test-j60-k20-w20","1000894"
"10506",\N,"test-j60-k20-w20","1000885"
"10507",\N,"test-j60-k20-w20","1000909"
"10508",\N,"test-j60-k20-w20","1001390"
"10509",\N,"test-j60-k20-w20","1000916"
"10510",\N,"test-j60-k20-w20","1000075"
"10511",\N,"test-j60-k20-w20","1000888"
"10512",\N,"test-j60-k20-w20","1000882"
"10513",\N,"test-j60-k20-w20","1001035"
"10514",\N,"test-j60-k20-w20","1001235"
"10515",\N,"test-j60-k20-w20","1001496"
"10516",\N,"test-j60-k20-w20","1000918"
"10517",\N,"test-j60-k20-w20","1000911"
"10518",\N,"test-j60-k20-w20","1000883"
"10519",\N,"test-j60-k20-w20","1000891"
"10520",\N,"test-j60-k20-w20","1000002"
"10521",\N,"test-j60-k20-w20","1000907"
"10522",\N,"test-j60-k20-w20","1001027"
"10523",\N,"test-j60-k20-w20","1000887"
"10524",\N,"test-j60-k20-w20","1000892"
"10525",\N,"test-j60-k20-w20","1001280"
"10526",\N,"test-j60-k20-w20","1001497"
"10527",\N,"test-j60-k20-w20","1000893"
"10528",\N,"test-j60-k20-w20","1001028"
"10529",\N,"test-j60-k20-w20","1002037"
"10530",\N,"test-j60-k20-w20","1001125"
"10531",\N,"test-j60-k20-w20","1001214"
"10532",\N,"test-j60-k20-w20","1001192"
"10533",\N,"test-j60-k20-w20","1001299"
"10534",\N,"test-j60-k20-w20","1000085"
"10535",\N,"test-j60-k20-w20","1000018"
"10536",\N,"test-j60-k20-w20","1000971"
"10537",\N,"test-j60-k20-w20","1001318"
"10538",\N,"test-j60-k20-w20","1002016"
"10539",\N,"test-j60-k20-w20","1001676"
"10540",\N,"test-j60-k20-w20","1000996"
"10541",\N,"test-j60-k20-w20","1000836"
"10542",\N,"test-j60-k20-w20","1000011"
"10543",\N,"test-j60-k20-w20","1001977"
"10544",\N,"test-j60-k20-w20","1000048"
"10545",\N,"test-j60-k20-w20","1001231"
"10546",\N,"test-j60-k20-w20","1001871"
"10547",\N,"test-j60-k20-w20","1000982"
"10548",\N,"test-j60-k20-w20","1002080"
"10549",\N,"test-j60-k20-w20","1001351"
"10550",\N,"test-j60-k20-w20","1002419"
"10551",\N,"test-j60-k20-w20","1002171"
"10552",\N,"test-j60-k20-w20","1002114"
"10553",\N,"test-j60-k20-w20","1001913"
"10554",\N,"test-j60-k20-w20","1001494"
"10555",\N,"test-j60-k20-w20","1002118"
"10556",\N,"test-j60-k20-w20","1002176"
"10557",\N,"test-j60-k20-w20","1002090"
"10558",\N,"test-j60-k20-w20","1001373"
"10559",\N,"test-j60-k20-w20","1002385"
"10560",\N,"test-j60-k20-w20","1002456"
"10561",\N,"test-j60-k20-w20","1002125"
"10562",\N,"test-j60-k20-w20","1002111"
"10563",\N,"test-j60-k20-w20","1002226"
"10564",\N,"test-j60-k20-w20","1002399"
"10565",\N,"test-j60-k20-w20","1002107"
"10566",\N,"test-j60-k20-w20","1002404"
"10567",\N,"test-j60-k20-w20","1001487"
"10568",\N,"test-j60-k20-w20","1002127"
"10359",\N,"test-d80-w20-k10","1002158"
"10360",\N,"test-d80-w20-k10","1002328"
"10361",\N,"test-d80-w20-k10","1002065"
"10362",\N,"test-d80-w20-k10","1002330"
"10363",\N,"test-d80-w20-k10","1002275"
"10364",\N,"test-d80-w20-k10","1002086"
"10365",\N,"test-d80-w20-k10","1002325"
"10366",\N,"test-d80-w20-k10","1002224"
"10367",\N,"test-d80-w20-k10","1002186"
"10368",\N,"test-d80-w20-k10","1002282"
"10369",\N,"test-d80-w20-k10","1002075"
"10370",\N,"test-d80-w20-k10","1002119"
"10371",\N,"test-d80-w20-k10","1002299"
"10372",\N,"test-d80-w20-k10","1002239"
"10373",\N,"test-d80-w20-k10","1002098"
"10374",\N,"test-d80-w20-k10","1002102"
"10375",\N,"test-d80-w20-k10","1002202"
"10376",\N,"test-d80-w20-k10","1002195"
"10377",\N,"test-d80-w20-k10","1002100"
"10378",\N,"test-d80-w20-k10","1002213"
"10379",\N,"test-d80-w20-k10","1002312"
"10380",\N,"test-d80-w20-k10","1002127"
"10381",\N,"test-d80-w20-k10","1002067"
"10382",\N,"test-d80-w20-k10","1002155"
"10383",\N,"test-d80-w20-k10","1002285"
"10384",\N,"test-d80-w20-k10","1002192"
"10385",\N,"test-d80-w20-k10","1002138"
"10386",\N,"test-d80-w20-k10","1002106"
"10387",\N,"test-d80-w20-k10","1002269"
"10388",\N,"test-d80-w20-k10","1002180"
"10389",\N,"test-d80-w20-k10","1002093"
"10390",\N,"test-d80-w20-k10","1002205"
"10391",\N,"test-d80-w20-k10","1002232"
"10392",\N,"test-d80-w20-k10","1002071"
"10393",\N,"test-d80-w20-k10","1002163"
"10394",\N,"test-d80-w20-k10","1002292"
"10395",\N,"test-d80-w20-k10","1002223"
"10396",\N,"test-d80-w20-k10","1002226"
"10397",\N,"test-d80-w20-k10","1002101"
"10398",\N,"test-d80-w20-k10","1002082"
"10399",\N,"test-d80-w20-k10","1002280"
"10400",\N,"test-d80-w20-k10","1002143"
"10401",\N,"test-d80-w20-k10","1002225"
"10402",\N,"test-d80-w20-k10","1002342"
"10403",\N,"test-d80-w20-k10","1002168"
"10404",\N,"test-d80-w20-k10","1002173"
"10405",\N,"test-d80-w20-k10","1002080"
"10406",\N,"test-d80-w20-k10","1002203"
"10407",\N,"test-d80-w20-k10","1002294"
"10408",\N,"test-d80-w20-k10","1002287"
"10409",\N,"test-d80-w20-k10","1002159"
"10410",\N,"test-d80-w20-k10","1002144"
"10411",\N,"test-d80-w20-k10","1002057"
"10412",\N,"test-d80-w20-k10","1002179"
"10413",\N,"test-d80-w20-k10","1002293"
"10414",\N,"test-d80-w20-k10","1002303"
"10415",\N,"test-d80-w20-k10","1002115"
"10416",\N,"test-d80-w20-k10","1002148"
"10417",\N,"test-d80-w20-k10","1002079"
"10418",\N,"test-d80-w20-k10","1002083"
"10419",\N,"test-d80-w20-k10","1002174"
"10420",\N,"test-d80-w20-k10","1002105"
"10421",\N,"test-d80-w20-k10","1002121"
"10422",\N,"test-d80-w20-k10","1002091"
"10423",\N,"test-d80-w20-k10","1002078"
"10424",\N,"test-d80-w20-k10","1002296"
"10425",\N,"test-d80-w20-k10","1002169"
"10426",\N,"test-d80-w20-k10","1002090"
"10427",\N,"test-d80-w20-k10","1002116"
"10428",\N,"test-d80-w20-k10","1002185"
"10429",\N,"test-d80-w20-k10","1002237"
"10430",\N,"test-d80-w20-k10","1002234"
"10431",\N,"test-d80-w20-k10","1002235"
"10432",\N,"test-d80-w20-k10","1002309"
"10433",\N,"test-d80-w20-k10","1002108"
"10434",\N,"test-d80-w20-k10","1002089"
"10435",\N,"test-d80-w20-k10","1002069"
"10436",\N,"test-d80-w20-k10","1002059"
"10437",\N,"test-d80-w20-k10","1002274"
"10438",\N,"test-d80-w20-k10","1002139"
"10439",\N,"test-d80-w20-k10","1002317"
"10440",\N,"test-d80-w20-k10","1002391"
"10441",\N,"test-d80-w20-k10","1002249"
"10442",\N,"test-d80-w20-k10","1002322"
"10443",\N,"test-d80-w20-k10","1002245"
"10444",\N,"test-d80-w20-k10","1002175"
"10445",\N,"test-d80-w20-k10","1001358"
"10446",\N,"test-d80-w20-k10","1000870"
"10447",\N,"test-d80-w20-k10","1001363"
"10448",\N,"test-d80-w20-k10","1002292"
"10449",\N,"test-d80-w20-k10","1002283"
"10450",\N,"test-d80-w20-k10","1001884"
"10451",\N,"test-d80-w20-k10","1002117"
"10452",\N,"test-d80-w20-k10","1002171"
"10453",\N,"test-d80-w20-k10","1001917"
"10454",\N,"test-d80-w20-k10","1001893"
"10455",\N,"test-d80-w20-k10","1001346"
"10456",\N,"test-d80-w20-k10","1001912"
"10457",\N,"test-d80-w20-k10","1001369"
"10458",\N,"test-d80-w20-k10","1002252"
"10459",\N,"test-d80-w20-k10","1001704"
"10460",\N,"test-d80-w20-k10","1000042"
"10461",\N,"test-d80-w20-k10","1002064"
"10462",\N,"test-d80-w20-k10","1001338"
"10463",\N,"test-d80-w20-k10","1001248"
"10464",\N,"test-d80-w20-k10","1001816"
"10465",\N,"test-d80-w20-k10","1001782"
"10466",\N,"test-d80-w20-k10","1000008"
"10467",\N,"test-d80-w20-k10","1001295"
"10468",\N,"test-d80-w20-k10","1001326"
"10259",\N,"test-d70-w30","1002271"
"10260",\N,"test-d70-w30","1002283"
"10261",\N,"test-d70-w30","1002140"
"10262",\N,"test-d70-w30","1002307"
"10263",\N,"test-d70-w30","1002197"
"10264",\N,"test-d70-w30","1002157"
"10265",\N,"test-d70-w30","1002086"
"10266",\N,"test-d70-w30","1002225"
"10267",\N,"test-d70-w30","1002267"
"10268",\N,"test-d70-w30","1002158"
"10269",\N,"test-d70-w30","1002183"
"10270",\N,"test-d70-w30","1002194"
"10271",\N,"test-d70-w30","1002333"
"10272",\N,"test-d70-w30","1002202"
"10273",\N,"test-d70-w30","1002143"
"10274",\N,"test-d70-w30","1002217"
"10275",\N,"test-d70-w30","1002192"
"10276",\N,"test-d70-w30","1002332"
"10277",\N,"test-d70-w30","1002057"
"10278",\N,"test-d70-w30","1002150"
"10279",\N,"test-d70-w30","1002278"
"10280",\N,"test-d70-w30","1002280"
"10281",\N,"test-d70-w30","1002136"
"10282",\N,"test-d70-w30","1002303"
"10283",\N,"test-d70-w30","1002066"
"10284",\N,"test-d70-w30","1002240"
"10285",\N,"test-d70-w30","1002135"
"10286",\N,"test-d70-w30","1002316"
"10287",\N,"test-d70-w30","1002234"
"10288",\N,"test-d70-w30","1002200"
"10289",\N,"test-d70-w30","1002222"
"10290",\N,"test-d70-w30","1002215"
"10291",\N,"test-d70-w30","1002067"
"10292",\N,"test-d70-w30","1002231"
"10293",\N,"test-d70-w30","1002295"
"10294",\N,"test-d70-w30","1002220"
"10295",\N,"test-d70-w30","1002164"
"10296",\N,"test-d70-w30","1002337"
"10297",\N,"test-d70-w30","1002205"
"10298",\N,"test-d70-w30","1002211"
"10299",\N,"test-d70-w30","1002322"
"10300",\N,"test-d70-w30","1002061"
"10301",\N,"test-d70-w30","1002106"
"10302",\N,"test-d70-w30","1002268"
"10303",\N,"test-d70-w30","1002336"
"10304",\N,"test-d70-w30","1002302"
"10305",\N,"test-d70-w30","1002212"
"10306",\N,"test-d70-w30","1002266"
"10307",\N,"test-d70-w30","1002104"
"10308",\N,"test-d70-w30","1002293"
"10309",\N,"test-d70-w30","1002235"
"10310",\N,"test-d70-w30","1002156"
"10311",\N,"test-d70-w30","1002054"
"10312",\N,"test-d70-w30","1002111"
"10313",\N,"test-d70-w30","1002120"
"10314",\N,"test-d70-w30","1002182"
"10315",\N,"test-d70-w30","1002170"
"10316",\N,"test-d70-w30","1002206"
"10317",\N,"test-d70-w30","1002177"
"10318",\N,"test-d70-w30","1002230"
"10319",\N,"test-d70-w30","1002196"
"10320",\N,"test-d70-w30","1002226"
"10321",\N,"test-d70-w30","1002299"
"10322",\N,"test-d70-w30","1002056"
"10323",\N,"test-d70-w30","1002174"
"10324",\N,"test-d70-w30","1002318"
"10325",\N,"test-d70-w30","1002294"
"10326",\N,"test-d70-w30","1002213"
"10327",\N,"test-d70-w30","1002223"
"10328",\N,"test-d70-w30","1002180"
"10329",\N,"test-d70-w30","1001796"
"10330",\N,"test-d70-w30","1001907"
"10331",\N,"test-d70-w30","1001584"
"10332",\N,"test-d70-w30","1002147"
"10333",\N,"test-d70-w30","1001021"
"10334",\N,"test-d70-w30","1001919"
"10335",\N,"test-d70-w30","1001495"
"10336",\N,"test-d70-w30","1000875"
"10337",\N,"test-d70-w30","1002200"
"10338",\N,"test-d70-w30","1001383"
"10339",\N,"test-d70-w30","1002191"
"10340",\N,"test-d70-w30","1002450"
"10341",\N,"test-d70-w30","1001886"
"10342",\N,"test-d70-w30","1002219"
"10343",\N,"test-d70-w30","1002365"
"10344",\N,"test-d70-w30","1001605"
"10345",\N,"test-d70-w30","1002105"
"10346",\N,"test-d70-w30","1002169"
"10347",\N,"test-d70-w30","1002284"
"10348",\N,"test-d70-w30","1002456"
"10349",\N,"test-d70-w30","1001893"
"10350",\N,"test-d70-w30","1001589"
"10351",\N,"test-d70-w30","1002174"
"10352",\N,"test-d70-w30","1002463"
"10353",\N,"test-d70-w30","1002351"
"10354",\N,"test-d70-w30","1002290"
"10355",\N,"test-d70-w30","1002356"
"10356",\N,"test-d70-w30","1002397"
"10357",\N,"test-d70-w30","1002087"
"10358",\N,"test-d70-w30","1002092"
"10159",\N,"test-d50-k30-w20","1002171"
"10160",\N,"test-d50-k30-w20","1002054"
"10161",\N,"test-d50-k30-w20","1002305"
"10162",\N,"test-d50-k30-w20","1002109"
"10163",\N,"test-d50-k30-w20","1002146"
"10164",\N,"test-d50-k30-w20","1002214"
"10165",\N,"test-d50-k30-w20","1002319"
"10166",\N,"test-d50-k30-w20","1002273"
"10167",\N,"test-d50-k30-w20","1002312"
"10168",\N,"test-d50-k30-w20","1002216"
"10169",\N,"test-d50-k30-w20","1002175"
"10170",\N,"test-d50-k30-w20","1002089"
"10171",\N,"test-d50-k30-w20","1002197"
"10172",\N,"test-d50-k30-w20","1002317"
"10173",\N,"test-d50-k30-w20","1002208"
"10174",\N,"test-d50-k30-w20","1002234"
"10175",\N,"test-d50-k30-w20","1002340"
"10176",\N,"test-d50-k30-w20","1002229"
"10177",\N,"test-d50-k30-w20","1002339"
"10178",\N,"test-d50-k30-w20","1002174"
"10179",\N,"test-d50-k30-w20","1002199"
"10180",\N,"test-d50-k30-w20","1002210"
"10181",\N,"test-d50-k30-w20","1002300"
"10182",\N,"test-d50-k30-w20","1002124"
"10183",\N,"test-d50-k30-w20","1002278"
"10184",\N,"test-d50-k30-w20","1002331"
"10185",\N,"test-d50-k30-w20","1002283"
"10186",\N,"test-d50-k30-w20","1002277"
"10187",\N,"test-d50-k30-w20","1002149"
"10188",\N,"test-d50-k30-w20","1002076"
"10189",\N,"test-d50-k30-w20","1002323"
"10190",\N,"test-d50-k30-w20","1002212"
"10191",\N,"test-d50-k30-w20","1002169"
"10192",\N,"test-d50-k30-w20","1002303"
"10193",\N,"test-d50-k30-w20","1002334"
"10194",\N,"test-d50-k30-w20","1002337"
"10195",\N,"test-d50-k30-w20","1002069"
"10196",\N,"test-d50-k30-w20","1002058"
"10197",\N,"test-d50-k30-w20","1002218"
"10198",\N,"test-d50-k30-w20","1002211"
"10199",\N,"test-d50-k30-w20","1002285"
"10200",\N,"test-d50-k30-w20","1002336"
"10201",\N,"test-d50-k30-w20","1002338"
"10202",\N,"test-d50-k30-w20","1002238"
"10203",\N,"test-d50-k30-w20","1002266"
"10204",\N,"test-d50-k30-w20","1002131"
"10205",\N,"test-d50-k30-w20","1002185"
"10206",\N,"test-d50-k30-w20","1002071"
"10207",\N,"test-d50-k30-w20","1002148"
"10208",\N,"test-d50-k30-w20","1002112"
"10209",\N,"test-d50-k30-w20","1001012"
"10210",\N,"test-d50-k30-w20","1000082"
"10211",\N,"test-d50-k30-w20","1001115"
"10212",\N,"test-d50-k30-w20","1001770"
"10213",\N,"test-d50-k30-w20","1000815"
"10214",\N,"test-d50-k30-w20","1001835"
"10215",\N,"test-d50-k30-w20","1000995"
"10216",\N,"test-d50-k30-w20","1001719"
"10217",\N,"test-d50-k30-w20","1001768"
"10218",\N,"test-d50-k30-w20","1001708"
"10219",\N,"test-d50-k30-w20","1000811"
"10220",\N,"test-d50-k30-w20","1001269"
"10221",\N,"test-d50-k30-w20","1001108"
"10222",\N,"test-d50-k30-w20","1001757"
"10223",\N,"test-d50-k30-w20","1001792"
"10224",\N,"test-d50-k30-w20","1000789"
"10225",\N,"test-d50-k30-w20","1002021"
"10226",\N,"test-d50-k30-w20","1001579"
"10227",\N,"test-d50-k30-w20","1000796"
"10228",\N,"test-d50-k30-w20","1001208"
"10229",\N,"test-d50-k30-w20","1001324"
"10230",\N,"test-d50-k30-w20","1001338"
"10231",\N,"test-d50-k30-w20","1001705"
"10232",\N,"test-d50-k30-w20","1001326"
"10233",\N,"test-d50-k30-w20","1001443"
"10234",\N,"test-d50-k30-w20","1001318"
"10235",\N,"test-d50-k30-w20","1000033"
"10236",\N,"test-d50-k30-w20","1001473"
"10237",\N,"test-d50-k30-w20","1001000"
"10238",\N,"test-d50-k30-w20","1002344"
"10239",\N,"test-d50-k30-w20","1001346"
"10240",\N,"test-d50-k30-w20","1002156"
"10241",\N,"test-d50-k30-w20","1001586"
"10242",\N,"test-d50-k30-w20","1002184"
"10243",\N,"test-d50-k30-w20","1001918"
"10244",\N,"test-d50-k30-w20","1002245"
"10245",\N,"test-d50-k30-w20","1002389"
"10246",\N,"test-d50-k30-w20","1002327"
"10247",\N,"test-d50-k30-w20","1002201"
"10248",\N,"test-d50-k30-w20","1000879"
"10249",\N,"test-d50-k30-w20","1002221"
"10250",\N,"test-d50-k30-w20","1001890"
"10251",\N,"test-d50-k30-w20","1001024"
"10252",\N,"test-d50-k30-w20","1000876"
"10253",\N,"test-d50-k30-w20","1002203"
"10254",\N,"test-d50-k30-w20","1002254"
"10255",\N,"test-d50-k30-w20","1001913"
"10256",\N,"test-d50-k30-w20","1002102"
"10257",\N,"test-d50-k30-w20","1002091"
"10258",\N,"test-d50-k30-w20","1002252"
"11366",\N,"te-FuhT0cuHOVAxAilVarQ7pt6WOkfX27xEl0sxuOAo","1000074"
"11367",\N,"te-FuhT0cuHOVAxAilVarQ7pt6WOkfX27xEl0sxuOAo","1000754"
"11435",\N,"te-FuhT0cuHOVAxAilVarQ7pt6WOkfX27xEl0sxuOAo","1000754"
"11466",\N,"te-FuhT0cuHOVAxAilVarQ7pt6WOkfX27xEl0sxuOAo","1000754"
"11473",\N,"te-FuhT0cuHOVAxAilVarQ7pt6WOkfX27xEl0sxuOAo","1002491"
"11474",\N,"te-FuhT0cuHOVAxAilVarQ7pt6WOkfX27xEl0sxuOAo","1002492"
"11475",\N,"te-FuhT0cuHOVAxAilVarQ7pt6WOkfX27xEl0sxuOAo","1002471"
"11476",\N,"te-FuhT0cuHOVAxAilVarQ7pt6WOkfX27xEl0sxuOAo","1002471"
"11477",\N,"te-FuhT0cuHOVAxAilVarQ7pt6WOkfX27xEl0sxuOAo","1002476"
"11478",\N,"te-FuhT0cuHOVAxAilVarQ7pt6WOkfX27xEl0sxuOAo","1000423"
"11481",\N,"te-FuhT0cuHOVAxAilVarQ7pt6WOkfX27xEl0sxuOAo","1000078"
"11482",\N,"te-FuhT0cuHOVAxAilVarQ7pt6WOkfX27xEl0sxuOAo","1000004"
"11485",\N,"te-FuhT0cuHOVAxAilVarQ7pt6WOkfX27xEl0sxuOAo","1000500"
"11486",\N,"te-FuhT0cuHOVAxAilVarQ7pt6WOkfX27xEl0sxuOAo","1002047"
"11491",\N,"te-FuhT0cuHOVAxAilVarQ7pt6WOkfX27xEl0sxuOAo","1002496"
"11492",\N,"te-FuhT0cuHOVAxAilVarQ7pt6WOkfX27xEl0sxuOAo","1002496"
"11382",\N,"abc123","1000423"
"11383",\N,"abc123","1000423"
"1","2023-08-20 16:06:30.965559","abbbb","1000004"
"2","2023-08-21 14:26:25.077456","abbbb","1000004"
"3","2023-08-21 15:01:13.705088","abbbb","1000004"
"4","2023-08-21 15:55:57.728101","abbbb","1000036"
"10108",\N,"abbbb","1000425"
"10114",\N,"abbbb","1001506"
"10115",\N,"abbbb","1001525"
"11370",\N,"3001319108","1000078"
"11372",\N,"3001319108","1000078"
"11379",\N,"3001319108","1000632"
"11380",\N,"3001319108","1000754"
"11381",\N,"3001319108","1000754"
"11415",\N,"3001319108","1002477"
"11416",\N,"3001319108","1000006"
"11417",\N,"3001319108","1000006"
"11418",\N,"3001319108","1000006"
"11419",\N,"3001319108","1000006"
"11426",\N,"3001319108","1000423"
"11437",\N,"3001319108","1000078"
"11438",\N,"3001319108","1000078"
"11439",\N,"3001319108","1000754"
"11440",\N,"3001319108","1000754"
"11441",\N,"3001319108","1000632"
"11442",\N,"3001319108","1000425"
"11443",\N,"3001319108","1000632"
"11444",\N,"3001319108","1000754"
"11445",\N,"3001319108","1000004"
"11446",\N,"3001319108","1000004"
"11447",\N,"3001319108","1000754"
"11449",\N,"3001319108","1000078"
"11453",\N,"3001319108","1000754"
"11454",\N,"3001319108","1000754"
"11456",\N,"3001319108","1002490"
"11457",\N,"3001319108","1002491"
"11458",\N,"3001319108","1002492"
"11459",\N,"3001319108","1002492"
"11460",\N,"3001319108","1002492"
"11461",\N,"3001319108","1002492"
"11462",\N,"3001319108","1002492"
"11463",\N,"3001319108","1002492"
"11464",\N,"3001319108","1002492"
"11465",\N,"3001319108","1002492"
"11467",\N,"3001319108","1000754"
"11468",\N,"3001319108","1000754"
"11469",\N,"3001319108","1000754"
"11470",\N,"3001319108","1001640"
"11471",\N,"3001319108","1002047"
"11472",\N,"3001319108","1000078"
"11479",\N,"3001319108","1002492"
"11480",\N,"3001319108","1000754"
"11483",\N,"3001319108","1000423"
"11484",\N,"3001319108","1002045"
"11487",\N,"3001319108","1000425"
"11488",\N,"3001319108","1002465"
"11493",\N,"3001319108","1002259"
"11318",\N,"2771733400","1002023"
"11319",\N,"2771733400","1002023"
"11322",\N,"2771733400","1000423"
"11323",\N,"2771733400","1000423"
"11324",\N,"2771733400","1000754"
"11325",\N,"2771733400","1000754"
"11326",\N,"2771733400","1000004"
"11327",\N,"2771733400","1000004"
"11328",\N,"2771733400","1000423"
"11329",\N,"2771733400","1000423"
"11361",\N,"2771733400","1002341"
"11362",\N,"2771733400","1002341"
"11389",\N,"2771733400","1002465"
"11390",\N,"2771733400","1002465"
"11427",\N,"2771733400","1000754"
"11428",\N,"2771733400","1000754"
"11429",\N,"2771733400","1000754"
"11430",\N,"2771733400","1000754"
"11431",\N,"2771733400","1000425"
"11432",\N,"2771733400","1000425"
"11433",\N,"2771733400","1000078"
"11434",\N,"2771733400","1000078"
